year,mean,std
1990,-3.1530925954874682,4.635155381829972
2000,-3.4409164420485174,5.461903069806481
2010,-3.9633712308452793,6.739191408796184
