,year,mean,std
1990,1990,-3.134229586785472,4.642490570875065
2000,2000,-3.4398921832884097,5.463687921419128
2010,2010,-3.9163124073158677,6.710765275553024
